{"name":"561bc92b-a97e-4566-9106-07f272f860c6","id":"/providers/Microsoft.Flow/flows/561bc92b-a97e-4566-9106-07f272f860c6","type":"Microsoft.Flow/flows","properties":{"apiId":"/providers/Microsoft.PowerApps/apis/shared_logicflows","displayName":"On survey response -> Survey Responses,Apply to each,Name,Country,S...","definition":{"metadata":{"workflowEntityId":null,"flowclientsuspensionreason":"None","flowclientsuspensiontime":null,"creator":{"id":"4dca434b-b6f5-4fc1-9091-504031b29195","type":"User","tenantId":"e7e1de19-4951-4372-b6cf-bf31eeef6241"},"provisioningMethod":"FromDefinition","failureAlertSubscription":true,"clientLastModifiedTime":"2020-11-29T22:01:21.3331141Z"},"$schema":"https://schema.management.azure.com/providers/Microsoft.Logic/schemas/2016-06-01/workflowdefinition.json#","contentVersion":"1.0.0.0","parameters":{"$connections":{"defaultValue":{},"type":"Object"},"$authentication":{"defaultValue":{},"type":"SecureObject"},"cdsruntimecertificate":{"type":"String"},"cdsruntimecertificatepassword":{"type":"SecureString"}},"triggers":{"On_survey_response":{"type":"OpenApiConnectionWebhook","inputs":{"host":{"apiId":"/providers/Microsoft.PowerApps/apis/shared_commondataservice","connectionName":"shared_commondataservice","operationId":"SubscribeOnNewItems"},"parameters":{"dataset":"default.cds","table":"msfp_surveyresponses","scope":"Organization"},"authentication":"@parameters('$authentication')"},"conditions":[{"expression":"@equals(triggerBody()?['_msfp_surveyid_value'], '63e4b4f6-8f31-eb11-a813-000d3ad7f66c')"}]}},"actions":{"Name":{"runAfter":{"Survey_Question_Responses":["Succeeded"]},"type":"InitializeVariable","inputs":{"variables":[{"name":"Name","type":"string"}]}},"Country":{"runAfter":{"Name":["Succeeded"]},"type":"InitializeVariable","inputs":{"variables":[{"name":"Country","type":"string"}]}},"Survey_Questions":{"runAfter":{},"type":"OpenApiConnection","inputs":{"host":{"apiId":"/providers/Microsoft.PowerApps/apis/shared_commondataserviceforapps","connectionName":"shared_commondataserviceforapps","operationId":"ListRecords"},"parameters":{"entityName":"msfp_questions","$filter":"_msfp_survey_value eq @{triggerOutputs()?['body/_msfp_surveyid_value']}"},"authentication":"@parameters('$authentication')"}},"Create_a_new_Lead":{"runAfter":{"Get_each_Survey_Response_and_save_to_variable":["Succeeded"]},"type":"OpenApiConnection","inputs":{"host":{"apiId":"/providers/Microsoft.PowerApps/apis/shared_commondataserviceforapps","connectionName":"shared_commondataserviceforapps","operationId":"CreateRecord"},"parameters":{"entityName":"leads","item/lastname":"@variables('Name')","item/subject":"@variables('Country')"},"authentication":"@parameters('$authentication')"}},"Get_each_Survey_Response_and_save_to_variable":{"foreach":"@outputs('Survey_Questions')?['body/value']","actions":{"Switch":{"runAfter":{},"cases":{"Case":{"case":"Country","actions":{"Filter_array":{"runAfter":{},"type":"Query","inputs":{"from":"@outputs('Survey_Question_Responses')?['body/value']","where":"@equals(item()?['_msfp_questionid_value'], items('Get_each_Survey_Response_and_save_to_variable')?['msfp_questionid'])"}},"Set_variable":{"runAfter":{"Compose_3":["Succeeded"]},"type":"SetVariable","inputs":{"name":"Country","value":"@{outputs('Compose_3')}"}},"Compose_3":{"runAfter":{"Filter_array":["Succeeded"]},"type":"Compose","inputs":"@body('Filter_array')?[0]?['msfp_response']"}}},"Case_2":{"case":"Name","actions":{"Set_variable_3":{"runAfter":{"Compose_2":["Succeeded"]},"type":"SetVariable","inputs":{"name":"Name","value":"@{outputs('Compose_2')}"}},"Filter_array_2":{"runAfter":{},"type":"Query","inputs":{"from":"@outputs('Survey_Question_Responses')?['body/value']","where":"@equals(item()?['_msfp_questionid_value'], items('Get_each_Survey_Response_and_save_to_variable')?['msfp_questionid'])"}},"Compose_2":{"runAfter":{"Filter_array_2":["Succeeded"]},"type":"Compose","inputs":"@body('Filter_array_2')?[0]?['msfp_response']"}}}},"default":{"actions":{}},"expression":"@items('Get_each_Survey_Response_and_save_to_variable')?['msfp_name']","type":"Switch"}},"runAfter":{"Country":["Succeeded"]},"type":"Foreach"},"Survey_Question_Responses":{"runAfter":{"Survey_Questions":["Succeeded"]},"type":"OpenApiConnection","inputs":{"host":{"apiId":"/providers/Microsoft.PowerApps/apis/shared_commondataserviceforapps","connectionName":"shared_commondataserviceforapps","operationId":"ListRecords"},"parameters":{"entityName":"msfp_questionresponses","$filter":"_msfp_surveyresponseid_value eq @{triggerOutputs()?['body/activityid']}"},"authentication":"@parameters('$authentication')"}}}},"connectionReferences":{"shared_commondataserviceforapps":{"connectionName":"shared-commondataser-7b13d319-9cd1-4551-ac58-1e1e-fce15eb1","source":"Embedded","id":"/providers/Microsoft.PowerApps/apis/shared_commondataserviceforapps","tier":"NotSpecified"},"shared_commondataservice":{"connectionName":"shared-commondataser-340aa936-9598-439b-8f30-21aa-caf02054","source":"Embedded","id":"/providers/Microsoft.PowerApps/apis/shared_commondataservice","tier":"NotSpecified"}},"flowFailureAlertSubscribed":false}}